Ungrouped,Gnai3,,#ff4028
Ungrouped,Ngfr,,#ff6b97
Ungrouped,Wnt3,,#a3ff19
Ungrouped,Ccnd2,,#ff4028
Radial glia-like cells,Lhx2,,
Ungrouped,Itgb2,,#a8efff
Ungrouped,Cdh1,,#ff4028
Ungrouped,Cdh4,,#a851ff
Ungrouped,Plin2,,#ffd547
Ungrouped,Pdgfra,,#5eff7b
Ungrouped,Pdgfb,,#f06cfe
Radial glia-like cells,Sox9,,
Ungrouped,Sema4f,,#a8efff
Ungrouped,Ddx3x,,#f06cfe
Ungrouped,S100a6,,#a8efff
Ungrouped,Icam2,,#f06cfe
Ungrouped,Sema6b,,#ff9f5d
Ungrouped,Efnb2,,#449fff
Ungrouped,Smo,,#ffd547
Ungrouped,Plxnb3,,#a3ff19
Ungrouped,Spi1,,#5eff7b
Ungrouped,Tgfb1,,#a8efff
Ungrouped,Shh,,#ff6b97
Ungrouped,Grin2d,,#ff6b97
Ungrouped,Lamb1,,#ff6b97
Ungrouped,Cdkn1b,,#5eff7b
Ungrouped,Efna2,,#ff6b97
Ungrouped,Grin2c,,#5eff7b
Ungrouped,Rnd1,,#449fff
Ungrouped,Calb2,,#ffd547
Ungrouped,Efnb3,,#ffd547
Ungrouped,Grm3,,#a851ff
Ungrouped,Plxna3,,#5eff7b
Ungrouped,Pax2,,#a3ff19
Ungrouped,Atp6v1f,,#a3ff19
Ungrouped,Sst,,#ff6b97
Ungrouped,Map2k1,,#ffd547
Ungrouped,Cstb,,#ff4028
Ungrouped,Trp53,,#5eff7b
Ungrouped,Slc1a6,,#ffd547
Ungrouped,Slc1a3,,#449fff
Ungrouped,Stx1a,,#ff4028
Ungrouped,Prkaca,,#a851ff
Ungrouped,Igf1r,,#a3ff19
Ungrouped,Kit,,#ffd547
Ungrouped,Pvalb,,#5eff7b
Ungrouped,Ephb3,,#ff4028
Ungrouped,Crkl,,#5eff7b
Ungrouped,Atp6v1b1,,#5eff7b
Ungrouped,Epha2,,#ffd547
Ungrouped,Cdk4,,#a3ff19
Ungrouped,Hcn1,,#ff9f5d
Ungrouped,Ctnnb1,,#449fff
Ungrouped,Clcn2,,#a8efff
Ungrouped,Tgfbr1,,#5eff7b
Ungrouped,Gabrb2,,#5eff7b
Ungrouped,Rhoa,,#ff6b97
Radial glia-like cells,Id3,,
Ungrouped,Bmp7,,#ff4028
Ungrouped,Ascl2,,#ffd547
Ungrouped,Wnt3a,,#ff4028
Ungrouped,Gosr1,,#449fff
Ungrouped,Bmp5,,#a3ff19
Ungrouped,Atp6v0d1,,#ffd547
Ungrouped,Pten,,#f06cfe
Ungrouped,Dll1,,#2828ff
Ungrouped,Limk1,,#f06cfe
Ungrouped,Gzmb,,#2828ff
Ungrouped,Atp6v0e,,#a851ff
Ungrouped,Cers2,,#a851ff
Ungrouped,Cd34,,#ff4028
Ungrouped,Cd274,,#ff6b97
Ungrouped,Sdc4,,#ffd547
Ungrouped,Rnd3,,#ffd547
Ungrouped,Cacnb1,,#5eff7b
Ungrouped,Rac3,,#ff4028
Ungrouped,Mfng,,#a8efff
Ungrouped,Cldn7,,#a3ff19
Ungrouped,Pdlim4,,#2828ff
Ungrouped,Lhx1,,#449fff
Ungrouped,Ap2b1,,#2828ff
Ungrouped,Ndel1,,#5eff7b
Ungrouped,Cd22,,#2828ff
Ungrouped,Mdh2,,#f06cfe
Ungrouped,Atp6v1e1,,#ff9f5d
Ungrouped,Cd70,,#ffd547
Ungrouped,Sema6a,,#2828ff
Ungrouped,Vip,,#a851ff
Ungrouped,Nr2e1,,#2828ff
Radial glia-like cells,Fabp7,,
Ungrouped,Slc17a8,,#a8efff
Ungrouped,Stx7,,#ff6b97
Ungrouped,Ntn4,,#a851ff
Ungrouped,Vsir,,#f06cfe
Ungrouped,Srgap1,,#ff4028
Ungrouped,Egfr,,#a851ff
Ungrouped,Mdm2,,#ff6b97
Ungrouped,Madcam1,,#a3ff19
Ungrouped,Adcy1,,#a8efff
Ungrouped,Efemp1,,#a8efff
Ungrouped,Rock2,,#ff9f5d
Ungrouped,Sdc1,,#a3ff19
Ungrouped,Adcy3,,#5eff7b
Ungrouped,Dnajc27,,#ffd547
Ungrouped,Pomc,,#ffd547
Ungrouped,Ddx5,,#5eff7b
Ungrouped,Vamp2,,#ff6b97
Ungrouped,Ntn1,,#449fff
Ungrouped,Gosr2,,#ffd547
Ungrouped,Foxg1,,#ff4028
Ungrouped,Atp6v1d,,#2828ff
Radial glia-like cells,Fos,,
Ungrouped,Gng4,,#ffd547
Ungrouped,Id4,,#2828ff
Ungrouped,Ripk1,,#ff4028
Ungrouped,Cxcl14,,#ff9f5d
Ungrouped,Adcy2,,#f06cfe
Ungrouped,Slc6a3,,#2828ff
Ungrouped,Fezf2,,#449fff
Ungrouped,Ccdc25,,#ffd547
Ungrouped,Clu,,#ff4028
Ungrouped,Chrna2,,#449fff
Ungrouped,Dpysl2,,#ff6b97
Ungrouped,Sdc2,,#ff4028
Ungrouped,Atp6v1c1,,#ff6b97
Ungrouped,Rbx1,,#ff4028
Ungrouped,Slc38a2,,#a3ff19
Ungrouped,Bcl6,,#ff6b97
Ungrouped,Cldn1,,#f06cfe
Ungrouped,Hes1,,#ff4028
Ungrouped,Alcam,,#449fff
Ungrouped,Nectin3,,#ff4028
Ungrouped,Snap29,,#a8efff
Ungrouped,Pak2,,#a3ff19
Ungrouped,Gsk3b,,#5eff7b
Ungrouped,Klhl24,,#a8efff
Ungrouped,Clic6,,#2828ff
Ungrouped,Nr4a1,,#a3ff19
Ungrouped,Sncg,,#f06cfe
Ungrouped,Grm2,,#ffd547
Ungrouped,Gabrr2,,#ffd547
Ungrouped,Cd4,,#a851ff
Ungrouped,Dlx2,,#a3ff19
Ungrouped,Gnb3,,#2828ff
Ungrouped,Trem2,,#a8efff
Ungrouped,Ntn3,,#ffd547
Ungrouped,Atp6v0c,,#449fff
Ungrouped,Cdh2,,#449fff
Ungrouped,Bin1,,#ff4028
Ungrouped,Gnal,,#449fff
Ungrouped,Lmnb1,,#ff9f5d
Ungrouped,Pdgfrb,,#ff6b97
Ungrouped,Csf1r,,#ff9f5d
Ungrouped,Gnaq,,#a851ff
Ungrouped,Fas,,#ffd547
Ungrouped,Grk2,,#a3ff19
Ungrouped,Apba1,,#ff4028
Ungrouped,Slc1a1,,#a3ff19
Ungrouped,Bhlhe22,,#a3ff19
Ungrouped,Itgb8,,#ff6b97
Ungrouped,Tac2,,#5eff7b
Ungrouped,Nrp1,,#f06cfe
Ungrouped,Cplx2,,#449fff
Radial glia-like cells,Prex2,,
Ungrouped,Hspd1,,#449fff
Ungrouped,Cd28,,#a3ff19
Ungrouped,Trak2,,#a851ff
Ungrouped,Epha4,,#a8efff
Ungrouped,Ngef,,#5eff7b
Ungrouped,Pdcd1,,#ffd547
Ungrouped,Stx6,,#5eff7b
Ungrouped,Rgs16,,#5eff7b
Ungrouped,Parp1,,#2828ff
Ungrouped,Plxna2,,#f06cfe
Ungrouped,Rgs4,,#a8efff
Ungrouped,Mrc1,,#a3ff19
Radial glia-like cells,Vim,,
Ungrouped,Itga8,,#ff9f5d
Ungrouped,Gad2,,#a8efff
Ungrouped,Nr4a2,,#ff4028
Ungrouped,Gsn,,#ff6b97
Ungrouped,Chrna1,,#ff4028
Ungrouped,Stmn2,,#a3ff19
Ungrouped,Src,,#a3ff19
Ungrouped,Ccna2,,#ff9f5d
Ungrouped,Trpc3,,#ff9f5d
Ungrouped,Trpc4,,#a3ff19
Ungrouped,P2ry1,,#f06cfe
Ungrouped,Nras,,#ffd547
Ungrouped,Cd2,,#ffd547
Ungrouped,Sec22b,,#a851ff
Ungrouped,Chrnb2,,#a851ff
Ungrouped,Efna1,,#5eff7b
Ungrouped,Vcam1,,#a3ff19
Ungrouped,Neurog2,,#ff6b97
Ungrouped,Npy2r,,#ff6b97
Ungrouped,Efna3,,#2828ff
Ungrouped,Efna4,,#ff9f5d
Ungrouped,Arhgef2,,#5eff7b
Ungrouped,Calb1,,#449fff
Ungrouped,Gabrr1,,#449fff
Ungrouped,Bmpr1b,,#449fff
Ungrouped,Ppp3r2,,#ff4028
Ungrouped,Nr4a3,,#449fff
Ungrouped,Unc13a,,#a851ff
Ungrouped,Cdc42,,#a3ff19
Ungrouped,Epha8,,#2828ff
Ungrouped,Alpl,,#f06cfe
Ungrouped,Gnat3,,#f06cfe
Ungrouped,Sema3c,,#5eff7b
Ungrouped,Stmn1,,#ff9f5d
Ungrouped,Grik3,,#ffd547
Ungrouped,Sema3a,,#a8efff
Ungrouped,Casp9,,#449fff
Ungrouped,Vamp3,,#2828ff
Ungrouped,Cdk5,,#ff4028
Ungrouped,Draxin,,#2828ff
Ungrouped,Sema3d,,#ff6b97
Ungrouped,Gabrd,,#2828ff
Ungrouped,Gnb1,,#5eff7b
Ungrouped,Crmp1,,#ff6b97
Ungrouped,Gabrg1,,#a3ff19
Ungrouped,Gabra4,,#a851ff
Ungrouped,Gabrb1,,#f06cfe
Radial glia-like cells,Sparcl1,,
Ungrouped,Stx2,,#ffd547
Ungrouped,Lhx5,,#a851ff
Ungrouped,Gng11,,#ff6b97
Ungrouped,Gngt1,,#a3ff19
Ungrouped,Cul1,,#ffd547
Ungrouped,Evx1,,#2828ff
Ungrouped,Npy,,#5eff7b
Ungrouped,Hpgds,,#a3ff19
Ungrouped,Aldh1l1,,#ffd547
Ungrouped,Slc6a12,,#a3ff19
Ungrouped,Lrp6,,#f06cfe
Ungrouped,Kras,,#f06cfe
Ungrouped,Slc6a11,,#ff9f5d
Ungrouped,Slc6a1,,#5eff7b
Ungrouped,Vamp1,,#5eff7b
Ungrouped,Cd9,,#ff6b97
Ungrouped,Slc17a6,,#ffd547
Ungrouped,Sema4b,,#449fff
Ungrouped,Pak1,,#ff9f5d
Ungrouped,Bax,,#a8efff
Ungrouped,Rgs10,,#f06cfe
Ungrouped,Mki67,,#f06cfe
Ungrouped,Fadd,,#ff4028
Ungrouped,Fgf13,,#a851ff
Ungrouped,Dcx,,#a8efff
Ungrouped,Map3k15,,#a8efff
Ungrouped,Acsl1,,#ffd547
Ungrouped,Sall1,,#5eff7b
Ungrouped,Gnao1,,#ffd547
Ungrouped,Cx3cl1,,#5eff7b
Ungrouped,Cdh5,,#a8efff
Ungrouped,Cdh15,,#5eff7b
Ungrouped,Arv1,,#ff4028
Ungrouped,Jam3,,#449fff
Ungrouped,Nectin1,,#ff9f5d
Ungrouped,Dixdc1,,#a851ff
Ungrouped,Eomes,,#ff9f5d
Ungrouped,Clstn2,,#ff9f5d
Ungrouped,Pik3cb,,#449fff
Ungrouped,Cldn18,,#5eff7b
Ungrouped,Ephb1,,#ff9f5d
Ungrouped,Ryk,,#a851ff
Ungrouped,Pak7,,#a851ff
Ungrouped,Atp6v1g1,,#ff4028
Ungrouped,Olig2,,#449fff
Ungrouped,Cspg4,,#a3ff19
Ungrouped,Vhl,,#449fff
Ungrouped,Parp2,,#ff9f5d
Ungrouped,Foxj1,,#449fff
Ungrouped,Gria1,,#ff6b97
Ungrouped,Atp6v0b,,#ff4028
Ungrouped,S100b,,#f06cfe
Ungrouped,Atp1a1,,#f06cfe
Ungrouped,Efhd2,,#f06cfe
Ungrouped,Gbx2,,#2828ff
Ungrouped,Kcnt1,,#a3ff19
Ungrouped,Nrn1,,#a8efff
Ungrouped,Atp6v0a2,,#a3ff19
Ungrouped,Ssh2,,#f06cfe
Ungrouped,Ptprm,,#a851ff
Ungrouped,Ssh3,,#5eff7b
Radial glia-like cells,Btg1,,
Ungrouped,Mboat7,,#ff4028
Ungrouped,Kcna2,,#f06cfe
Ungrouped,Cd6,,#a8efff
Ungrouped,Cacng5,,#ff9f5d
Ungrouped,Gjb6,,#449fff
Ungrouped,Ntrk3,,#5eff7b
Ungrouped,Acta2,,#a851ff
Ungrouped,Gabrb3,,#ff6b97
Ungrouped,Chd6,,#ff6b97
Ungrouped,Cd276,,#2828ff
Ungrouped,Ccdc88a,,#a8efff
Ungrouped,Trpc5,,#ff4028
Ungrouped,Cep44,,#449fff
Ungrouped,Atp6v0e2,,#a8efff
Ungrouped,Kctd7,,#449fff
Ungrouped,P2ry13,,#ff6b97
Ungrouped,Neurod1,,#a8efff
Ungrouped,Gng10,,#5eff7b
Ungrouped,Neurod2,,#f06cfe
Ungrouped,Psen1,,#ffd547
Ungrouped,Dicer1,,#ff4028
Ungrouped,Smim3,,#449fff
Ungrouped,Fbxo45,,#ff9f5d
Ungrouped,Slitrk5,,#2828ff
Ungrouped,Camk4,,#2828ff
Ungrouped,Kcnj2,,#a851ff
Ungrouped,Sema7a,,#449fff
Radial glia-like cells,Thrsp,,
Ungrouped,Gng12,,#2828ff
Ungrouped,Rac2,,#a3ff19
Ungrouped,Pvr,,#ff6b97
Ungrouped,Cldn5,,#2828ff
Ungrouped,Pla2g4c,,#f06cfe
Ungrouped,Zyg11b,,#ff9f5d
Ungrouped,F11r,,#ff9f5d
Ungrouped,Rras,,#a3ff19
Ungrouped,Itga9,,#a3ff19
Ungrouped,Igfbpl1,,#449fff
Ungrouped,Grm1,,#449fff
Ungrouped,Cdk19,,#a8efff
Ungrouped,Atp6v0a1,,#ff9f5d
Ungrouped,Neurod6,,#5eff7b
Ungrouped,Gls2,,#f06cfe
Ungrouped,Cplx3,,#ffd547
Ungrouped,Grin3b,,#ff9f5d
Ungrouped,Tgfb2,,#f06cfe
Ungrouped,Socs7,,#ff6b97
Ungrouped,Slc32a1,,#ff6b97
Ungrouped,Wnt4,,#449fff
Radial glia-like cells,Sfxn5,,
Ungrouped,Emx1,,#5eff7b
Ungrouped,Astn1,,#a851ff
Ungrouped,Mpped1,,#ff6b97
Ungrouped,Cldn11,,#ffd547
Ungrouped,C1qa,,#5eff7b
Ungrouped,Lrig2,,#a851ff
Ungrouped,C1qc,,#2828ff
Ungrouped,C1qb,,#ff6b97
Ungrouped,Arx,,#449fff
Ungrouped,Cplx1,,#ff4028
Ungrouped,Igfbp2,,#ff4028
Ungrouped,Cldn10,,#449fff
Radial glia-like cells,Atp1b2,,
Ungrouped,Fbxo2,,#a8efff
Ungrouped,Coro2b,,#a3ff19
Ungrouped,Rhod,,#ff9f5d
Ungrouped,Hoxa9,,#2828ff
Ungrouped,Fbxo38,,#2828ff
Ungrouped,Tbr1,,#a3ff19
Ungrouped,Ptprf,,#449fff
Ungrouped,Lrp1,,#a8efff
Ungrouped,Itpr3,,#a3ff19
Ungrouped,Kank1,,#a8efff
Radial glia-like cells,Hes5,,
Ungrouped,Cldn8,,#ff4028
Ungrouped,Myt1l,,#a851ff
Ungrouped,Gpr183,,#5eff7b
Ungrouped,Trpc6,,#449fff
Ungrouped,Sema5b,,#ff6b97
Ungrouped,Cldn14,,#a851ff
Ungrouped,Wdr47,,#2828ff
Ungrouped,Akt2,,#ff4028
Ungrouped,Fbxo28,,#5eff7b
Ungrouped,Chd7,,#2828ff
Ungrouped,Rbp1,,#a3ff19
Ungrouped,Pard6b,,#5eff7b
Ungrouped,Cxcr4,,#a3ff19
Ungrouped,Dlx5,,#ff4028
Ungrouped,Efnb1,,#ff4028
Ungrouped,Axin2,,#ffd547
Ungrouped,Nipbl,,#ff9f5d
Ungrouped,Cdk5r1,,#449fff
Ungrouped,Frrs1l,,#ffd547
Ungrouped,Stxbp6,,#a8efff
Ungrouped,Grin2b,,#f06cfe
Ungrouped,Ndnf,,#ff6b97
Ungrouped,Gpr151,,#f06cfe
Ungrouped,Vtcn1,,#ff6b97
Ungrouped,Pou3f3,,#a8efff
Ungrouped,Cldn2,,#5eff7b
Ungrouped,Fn1,,#ff6b97
Ungrouped,Stx19,,#ffd547
Ungrouped,Gnai2,,#a3ff19
Ungrouped,Ccr2,,#449fff
Ungrouped,Gabra3,,#ffd547
Ungrouped,Eef1a2,,#a851ff
Ungrouped,Nlgn2,,#449fff
Ungrouped,Bmerb1,,#2828ff
Ungrouped,Olig1,,#ff4028
Ungrouped,Cnr1,,#449fff
Ungrouped,Rnf7,,#a8efff
Ungrouped,Lamp5,,#2828ff
Ungrouped,Mapk3,,#5eff7b
Ungrouped,C1ql1,,#ff9f5d
Ungrouped,Sall3,,#ff6b97
Ungrouped,Mcm2,,#ffd547
Ungrouped,Lrrc4b,,#2828ff
Ungrouped,Cd24a,,#ff9f5d
Ungrouped,Tuba1c,,#f06cfe
Ungrouped,Fbxo31,,#ff6b97
Ungrouped,Lrrc4c,,#ff9f5d
Ungrouped,Ephb2,,#a3ff19
Ungrouped,Prkca,,#f06cfe
Ungrouped,Nxph1,,#ff9f5d
Ungrouped,Cntnap2,,#ff6b97
Ungrouped,Rtn4,,#ffd547
Ungrouped,Ccdc80,,#a851ff
Ungrouped,Ephb4,,#449fff
Ungrouped,Crh,,#a8efff
Ungrouped,C1ql3,,#a3ff19
Ungrouped,Kcng4,,#a3ff19
Ungrouped,Ptgs1,,#5eff7b
Ungrouped,Lrrc4,,#ff6b97
Ungrouped,Rasd1,,#f06cfe
Ungrouped,Cdh20,,#ff6b97
Ungrouped,Cenpe,,#a3ff19
Ungrouped,Agt,,#ff9f5d
Ungrouped,Wnt5a,,#ffd547
Ungrouped,Cdkn2c,,#ff6b97
Ungrouped,Pld4,,#449fff
Ungrouped,Sp8,,#a851ff
Ungrouped,Gpr17,,#a8efff
Ungrouped,Syt1,,#ffd547
Ungrouped,Cx3cr1,,#ff6b97
Ungrouped,Epha3,,#a851ff
Ungrouped,Dlg1,,#a8efff
Ungrouped,Lnpk,,#ff4028
Ungrouped,Slc6a13,,#ff4028
Ungrouped,Nfib,,#a8efff
Ungrouped,Gabre,,#ff9f5d
Ungrouped,Itgam,,#449fff
Ungrouped,Junb,,#a851ff
Ungrouped,Prkcb,,#5eff7b
Ungrouped,Grk3,,#ff4028
Ungrouped,Cd8b1,,#5eff7b
Ungrouped,Btrc,,#f06cfe
Ungrouped,Bcl11b,,#2828ff
Ungrouped,Smad1,,#a3ff19
Ungrouped,Cd8a,,#f06cfe
Ungrouped,Chl1,,#ff9f5d
Ungrouped,Kcnj3,,#a8efff
Ungrouped,Chrna4,,#ffd547
Ungrouped,Sox4,,#a3ff19
Ungrouped,Rhob,,#2828ff
Radial glia-like cells,Gfap,,
Ungrouped,Sema5a,,#5eff7b
Ungrouped,Ncam2,,#f06cfe
Ungrouped,Cdh24,,#2828ff
Ungrouped,Tmem119,,#a3ff19
Ungrouped,Hmgb2,,#ffd547
Ungrouped,Rock1,,#2828ff
Ungrouped,Set,,#ffd547
Ungrouped,Top2a,,#ffd547
Ungrouped,Ccdc88c,,#f06cfe
Ungrouped,Gabra5,,#a8efff
Ungrouped,Neo1,,#ffd547
Ungrouped,Mpzl1,,#ff9f5d
Ungrouped,Epha6,,#5eff7b
Ungrouped,Epm2a,,#a851ff
Ungrouped,Mapk1,,#f06cfe
Ungrouped,Tead1,,#449fff
Ungrouped,Rras2,,#ff4028
Ungrouped,Syp,,#449fff
Ungrouped,Ocln,,#a3ff19
Ungrouped,Slit3,,#a851ff
Ungrouped,Slitrk4,,#ff6b97
Ungrouped,Chat,,#f06cfe
Ungrouped,Ppp3ca,,#ff6b97
Ungrouped,Pla2g4a,,#a851ff
Ungrouped,Pard6g,,#ff6b97
Ungrouped,Kcnq3,,#ff9f5d
Ungrouped,Synpr,,#ff4028
Ungrouped,Sdc3,,#449fff
Ungrouped,Gabrg2,,#ff4028
Ungrouped,Alg13,,#a8efff
Ungrouped,Tubb3,,#2828ff
Ungrouped,Nf1,,#2828ff
Ungrouped,Nptx2,,#f06cfe
Ungrouped,Camk2g,,#ff6b97
Ungrouped,Hpcal1,,#ff9f5d
Ungrouped,Plxnb1,,#2828ff
Ungrouped,Ccnb1,,#a3ff19
Ungrouped,Dnajc5,,#449fff
Ungrouped,Dnm2,,#a8efff
Ungrouped,Ndrg4,,#2828ff
Ungrouped,Epha1,,#449fff
Ungrouped,Syt9,,#f06cfe
Ungrouped,Cd40,,#449fff
Ungrouped,Fxyd7,,#5eff7b
Ungrouped,Sema3e,,#2828ff
Ungrouped,Negr1,,#449fff
Ungrouped,Gnai1,,#ff9f5d
Ungrouped,Kcnh7,,#449fff
Ungrouped,Ntm,,#ff4028
Ungrouped,Stx3,,#a851ff
Ungrouped,Abl1,,#ff4028
Ungrouped,Drd2,,#a3ff19
Ungrouped,Rnf2,,#a851ff
Ungrouped,Gria3,,#ff9f5d
Ungrouped,Fbxw11,,#ff4028
Ungrouped,Grin3a,,#2828ff
Ungrouped,Efna5,,#a3ff19
Ungrouped,Map2,,#449fff
Ungrouped,Stxbp1,,#a851ff
Ungrouped,Tuba1b,,#a8efff
Ungrouped,Unc5b,,#ff4028
Ungrouped,Pou3f4,,#f06cfe
Ungrouped,Cacna2d1,,#a8efff
Ungrouped,Dnm1,,#a851ff
Ungrouped,Slitrk6,,#ff9f5d
Ungrouped,Kl,,#a851ff
Ungrouped,Sox11,,#ffd547
Ungrouped,Tuba4a,,#ff6b97
Ungrouped,Itpr2,,#ff9f5d
Ungrouped,Etv5,,#ff6b97
Ungrouped,En1,,#2828ff
Ungrouped,Unc13b,,#a8efff
Ungrouped,Cd99l2,,#f06cfe
Ungrouped,Epb41l3,,#ff4028
Ungrouped,Slc1a2,,#ff4028
Ungrouped,Sema3f,,#ff9f5d
Ungrouped,Cdh3,,#ffd547
Ungrouped,Atp1a3,,#ff6b97
Ungrouped,Epha7,,#ff6b97
Ungrouped,Plcg2,,#a3ff19
Ungrouped,Kcnd2,,#ff9f5d
Ungrouped,P2rx4,,#a8efff
Ungrouped,Dio2,,#449fff
Ungrouped,Crip2,,#f06cfe
Ungrouped,Slc17a7,,#a851ff
Radial glia-like cells,Atp1a2,,
Ungrouped,Dnm3,,#f06cfe
Ungrouped,Glul,,#5eff7b
Ungrouped,Icam1,,#a8efff
Ungrouped,Cntn2,,#a851ff
Ungrouped,Pax3,,#ff4028
Ungrouped,Foxd3,,#a3ff19
Ungrouped,Creb1,,#a851ff
Ungrouped,Bmpr2,,#ffd547
Ungrouped,Gda,,#ff9f5d
Ungrouped,Col3a1,,#ff9f5d
Ungrouped,Stx16,,#a3ff19
Ungrouped,Tuba3a,,#5eff7b
Ungrouped,Srgap3,,#ffd547
Ungrouped,Slc38a1,,#ff9f5d
Ungrouped,Arfgef1,,#a8efff
Ungrouped,Cntn4,,#a8efff
Ungrouped,Cntn6,,#f06cfe
Ungrouped,Insm1,,#5eff7b
Ungrouped,Sun2,,#5eff7b
Ungrouped,Cd86,,#a8efff
Ungrouped,Itgb1,,#a851ff
Ungrouped,Ap2m1,,#ff9f5d
Ungrouped,Sema3g,,#a3ff19
Ungrouped,March6,,#ff9f5d
Ungrouped,Syt6,,#a8efff
Ungrouped,Sp9,,#a8efff
Ungrouped,Sema6c,,#a3ff19
Ungrouped,Nes,,#a851ff
Ungrouped,Nr2f1,,#ff9f5d
Ungrouped,Ptprb,,#ff9f5d
Ungrouped,Kcnc2,,#2828ff
Ungrouped,Gng7,,#a8efff
Ungrouped,Rspo3,,#449fff
Ungrouped,Camkk1,,#ff9f5d
Ungrouped,Adgrg1,,#2828ff
Ungrouped,Cldn3,,#ff6b97
Ungrouped,Nfasc,,#ff9f5d
Ungrouped,Pla2g4d,,#5eff7b
Ungrouped,Cldn19,,#ff6b97
Ungrouped,Gad1,,#a851ff
Ungrouped,Etv1,,#f06cfe
Ungrouped,Map3k5,,#a851ff
Ungrouped,Kcnj6,,#f06cfe
Ungrouped,Tigit,,#ff9f5d
Ungrouped,Gng3,,#449fff
Ungrouped,Skp2,,#ff9f5d
Ungrouped,Apcdd1,,#449fff
Ungrouped,Tuba1a,,#a851ff
Ungrouped,Tbc1d24,,#ff9f5d
Ungrouped,Srgap2,,#449fff
Ungrouped,Hdac4,,#a3ff19
Ungrouped,Asxl3,,#a8efff
Ungrouped,Hras,,#ff4028
Ungrouped,Homer2,,#f06cfe
Ungrouped,Ankrd11,,#5eff7b
Ungrouped,Tet2,,#a851ff
Ungrouped,Lef1,,#a3ff19
Radial glia-like cells,Sox2,,
Ungrouped,Ablim1,,#449fff
Ungrouped,Plxnc1,,#ff4028
Ungrouped,Pak6,,#ffd547
Ungrouped,Itga4,,#ff6b97
Ungrouped,Sptan1,,#2828ff
Ungrouped,Prkcg,,#ff6b97
Ungrouped,Slitrk1,,#a8efff
Ungrouped,Rac1,,#ff9f5d
Ungrouped,Bmp4,,#ff9f5d
Ungrouped,Mecp2,,#ff9f5d
Ungrouped,Ptpn11,,#2828ff
Ungrouped,Limk2,,#5eff7b
Radial glia-like cells,Aldoc,,
Ungrouped,Prkacb,,#a8efff
Ungrouped,Sema3b,,#f06cfe
Ungrouped,Rasgrp1,,#ff6b97
Ungrouped,Meis2,,#ff4028
Ungrouped,Mog,,#5eff7b
Ungrouped,Nfe2l2,,#ffd547
Ungrouped,Homer1,,#a8efff
Ungrouped,Sqstm1,,#ff9f5d
Ungrouped,Gap43,,#5eff7b
Ungrouped,Icos,,#5eff7b
Ungrouped,Ptprd,,#ff4028
Ungrouped,Ntng2,,#f06cfe
Ungrouped,Ppp3r1,,#a3ff19
Ungrouped,Camk2a,,#a8efff
Ungrouped,Pdpk1,,#ff9f5d
Ungrouped,Cacna1b,,#449fff
Ungrouped,Rbfox3,,#ff9f5d
Ungrouped,Pecam1,,#a3ff19
Ungrouped,Nsf,,#a3ff19
Ungrouped,Cntnap1,,#5eff7b
Ungrouped,Smarce1,,#ff4028
Ungrouped,Epb41l1,,#a3ff19
Ungrouped,Prkcz,,#2828ff
Ungrouped,Kcnip3,,#ffd547
Ungrouped,Sema6d,,#ff4028
Ungrouped,Slc35f1,,#2828ff
Ungrouped,Grik2,,#449fff
Ungrouped,Oprm1,,#a851ff
Ungrouped,Notum,,#a8efff
Ungrouped,Unc5c,,#449fff
Ungrouped,Stx1b,,#449fff
Ungrouped,Camk2d,,#5eff7b
Ungrouped,Elavl4,,#f06cfe
Ungrouped,Lrp8,,#5eff7b
Ungrouped,Dab1,,#449fff
Ungrouped,Folr1,,#2828ff
Ungrouped,Nfia,,#a851ff
Radial glia-like cells,Jun,,
Ungrouped,Plaa,,#ff6b97
Ungrouped,Elavl2,,#a8efff
Ungrouped,Idh2,,#ff9f5d
Ungrouped,Mfge8,,#a851ff
Ungrouped,Rgs3,,#a851ff
Ungrouped,Lpar1,,#ffd547
Ungrouped,Fbxw7,,#a3ff19
Ungrouped,Gngt2,,#ff4028
Ungrouped,Stx17,,#ff4028
Ungrouped,Spop,,#ff6b97
Ungrouped,Gria2,,#2828ff
Ungrouped,Gabbr2,,#a3ff19
Ungrouped,Clta,,#a3ff19
Ungrouped,Trim25,,#f06cfe
Ungrouped,Msi2,,#ff4028
Ungrouped,Shank1,,#a8efff
Ungrouped,Wdr62,,#ff9f5d
Ungrouped,Pik3ca,,#ff4028
Ungrouped,Wwp1,,#a8efff
Ungrouped,Mecom,,#2828ff
Ungrouped,Pak4,,#449fff
Ungrouped,Nlgn1,,#ff4028
Ungrouped,Nectin2,,#a3ff19
Ungrouped,Dlg4,,#5eff7b
Ungrouped,Gabarap,,#2828ff
Ungrouped,Llgl1,,#ff6b97
Ungrouped,Slc2a13,,#a8efff
Ungrouped,Nfatc3,,#ff4028
Ungrouped,Shank3,,#5eff7b
Ungrouped,Plcg1,,#ff9f5d
Ungrouped,Snhg11,,#5eff7b
Ungrouped,Vcan,,#ff4028
Ungrouped,Rasa1,,#a8efff
Ungrouped,Nfix,,#f06cfe
Ungrouped,Camk2b,,#f06cfe
Ungrouped,Unc5a,,#a3ff19
Ungrouped,Sema4d,,#a851ff
Ungrouped,Calm1,,#a851ff
Ungrouped,Rab3a,,#2828ff
Ungrouped,Plcb1,,#2828ff
Ungrouped,Homer3,,#5eff7b
Ungrouped,Fbxo8,,#f06cfe
Ungrouped,Bcl2l11,,#5eff7b
Ungrouped,Gmnn,,#2828ff
Ungrouped,Gphn,,#a851ff
Ungrouped,Gli3,,#a851ff
Ungrouped,Snap23,,#a851ff
Ungrouped,Sun1,,#f06cfe
Ungrouped,Arhgef7,,#ff6b97
Ungrouped,Ntsr2,,#ff6b97
Radial glia-like cells,Pax6,,
Ungrouped,Cldn15,,#a8efff
Ungrouped,Cadm3,,#ff4028
Ungrouped,Tnfrsf19,,#449fff
Ungrouped,Mdk,,#5eff7b
Ungrouped,Ptprj,,#ffd547
Radial glia-like cells,Tcf7l2,,
Ungrouped,Cux2,,#f06cfe
Ungrouped,Mapk8,,#ff6b97
Ungrouped,Cobll1,,#2828ff
Ungrouped,Tanc1,,#2828ff
Ungrouped,Pdcd1lg2,,#a851ff
Ungrouped,Huwe1,,#a851ff
Ungrouped,Slc25a18,,#5eff7b
Ungrouped,Bcl2,,#f06cfe
Ungrouped,Cxcl12,,#2828ff
Ungrouped,Lhx6,,#a8efff
Ungrouped,Dab2ip,,#ffd547
Ungrouped,Plp1,,#a851ff
Ungrouped,Epha5,,#f06cfe
Ungrouped,Bad,,#a851ff
Ungrouped,Prickle2,,#ffd547
Radial glia-like cells,Hopx,,
Ungrouped,Nrxn2,,#2828ff
Ungrouped,Itgb2l,,#f06cfe
Ungrouped,Tiam1,,#2828ff
Ungrouped,Stx18,,#449fff
Ungrouped,Nrp2,,#5eff7b
Ungrouped,Jam2,,#ff4028
Ungrouped,Flna,,#5eff7b
Ungrouped,Grin1,,#a851ff
Ungrouped,L1cam,,#5eff7b
Ungrouped,Gls,,#a8efff
Ungrouped,Cadm1,,#a3ff19
Ungrouped,Boc,,#a851ff
Ungrouped,Atp6v1a,,#f06cfe
Ungrouped,Zbtb20,,#5eff7b
Ungrouped,Il1r1,,#a851ff
Ungrouped,Igsf1,,#ffd547
Ungrouped,Dcc,,#a851ff
Ungrouped,Robo3,,#ff6b97
Ungrouped,Tenm1,,#ffd547
Ungrouped,Plxna4,,#ff6b97
Ungrouped,Cldn16,,#f06cfe
Ungrouped,Syn1,,#2828ff
Ungrouped,Dync1i1,,#449fff
Ungrouped,Arid1b,,#a3ff19
Ungrouped,Cfl1,,#a8efff
Ungrouped,Fgfr1,,#a8efff
Ungrouped,Robo2,,#5eff7b
Ungrouped,Numb,,#2828ff
Ungrouped,Best1,,#ff9f5d
Ungrouped,Rapgef2,,#ffd547
Ungrouped,Nlgn3,,#ffd547
Ungrouped,Wnt5b,,#a851ff
Ungrouped,Grm4,,#a8efff
Ungrouped,Gng5,,#a851ff
Ungrouped,Itgal,,#ff4028
Ungrouped,Csf1,,#2828ff
Ungrouped,Disc1,,#ffd547
Ungrouped,Cdk1,,#ff9f5d
Ungrouped,Dyrk1a,,#ffd547
Ungrouped,Il33,,#a8efff
Ungrouped,Kcnt2,,#ff4028
Ungrouped,Depdc5,,#2828ff
Ungrouped,Erbb4,,#a8efff
Ungrouped,Syt2,,#a851ff
Ungrouped,Prlr,,#a3ff19
Ungrouped,Dsp,,#ff4028
Ungrouped,Grm5,,#f06cfe
Ungrouped,Itga6,,#2828ff
Ungrouped,Cacna1f,,#a851ff
Ungrouped,Stx8,,#2828ff
Ungrouped,Psen2,,#a851ff
Ungrouped,Itgav,,#ffd547
Ungrouped,Fzd3,,#ff6b97
Ungrouped,Etv4,,#5eff7b
Ungrouped,Mbp,,#449fff
Ungrouped,Ntng1,,#a8efff
Ungrouped,Trp73,,#ff6b97
Ungrouped,Pla2g4b,,#a8efff
Ungrouped,Vamp4,,#ff9f5d
Ungrouped,Lmna,,#2828ff
Ungrouped,Ubc,,#ff9f5d
Ungrouped,Hmgn2,,#a851ff
Ungrouped,Scrib,,#ff9f5d
Ungrouped,Rgma,,#ffd547
Ungrouped,Nos1,,#a851ff
Ungrouped,Plxnb2,,#ff9f5d
Ungrouped,Syne2,,#a3ff19
Ungrouped,Gnb2,,#ff6b97
Ungrouped,Cenpa,,#ff9f5d
Ungrouped,Diablo,,#a3ff19
Ungrouped,Kcnma1,,#ff6b97
Ungrouped,Shank2,,#f06cfe
Ungrouped,Dlgap1,,#ff6b97
Ungrouped,Slc4a4,,#f06cfe
Ungrouped,Pld1,,#ff4028
Ungrouped,Kcnq2,,#2828ff
Ungrouped,Dlg3,,#f06cfe
Ungrouped,Kcnh1,,#ff4028
Ungrouped,Fam163b,,#449fff
Ungrouped,Rasgrf2,,#5eff7b
Ungrouped,Laptm5,,#ff9f5d
Ungrouped,Stx4a,,#a8efff
Ungrouped,Dlx1,,#ff9f5d
Ungrouped,Htra1,,#ffd547
Ungrouped,Pafah1b1,,#2828ff
Ungrouped,Gnb4,,#ff9f5d
Ungrouped,Cask,,#a3ff19
Ungrouped,Ttc28,,#ffd547
Ungrouped,Zfp609,,#ff6b97
Ungrouped,Apaf1,,#a3ff19
Ungrouped,Ssh1,,#a8efff
Ungrouped,Gng2,,#ff4028
Ungrouped,Pard3,,#a8efff
Ungrouped,Cdk5r2,,#ffd547
Ungrouped,Kcnc1,,#ff6b97
Ungrouped,Reln,,#449fff
Ungrouped,Cycs,,#ff4028
Ungrouped,Ppp3cb,,#2828ff
Ungrouped,Myc,,#ffd547
Ungrouped,Lhfpl4,,#ff4028
Ungrouped,Zmiz1,,#2828ff
Ungrouped,Cul3,,#a851ff
Ungrouped,Nrxn3,,#ff9f5d
Ungrouped,Plxna1,,#a8efff
Ungrouped,Gria4,,#a3ff19
Ungrouped,Stx11,,#ff9f5d
Ungrouped,Pde2a,,#a8efff
Ungrouped,Mest,,#449fff
Ungrouped,Ccdc141,,#5eff7b
Ungrouped,Omg,,#ffd547
Ungrouped,Rara,,#a851ff
Ungrouped,Rims1,,#a3ff19
Ungrouped,Cdk6,,#a851ff
Ungrouped,Slc6a2,,#ff6b97
Ungrouped,Arhgef12,,#ff9f5d
Ungrouped,Cers1,,#ffd547
Ungrouped,Sema4a,,#ff4028
Ungrouped,Mast3,,#a3ff19
Ungrouped,Slitrk2,,#f06cfe
Ungrouped,Cul5,,#a8efff
Ungrouped,Rbfox2,,#2828ff
Ungrouped,Ap2a1,,#ff6b97
Ungrouped,Fubp1,,#a851ff
Ungrouped,Vldlr,,#a8efff
Ungrouped,Ephb6,,#ffd547
Ungrouped,Tnf,,#ff4028
Ungrouped,Unc5d,,#ffd547
Ungrouped,Arhgap32,,#f06cfe
Ungrouped,Glg1,,#ffd547
Ungrouped,Slit1,,#449fff
Ungrouped,Cntn1,,#ffd547
Ungrouped,Insc,,#f06cfe
Ungrouped,Chd2,,#5eff7b
Ungrouped,Vsx2,,#5eff7b
Ungrouped,Gata2,,#ff6b97
Ungrouped,Adcy4,,#ff6b97
Ungrouped,P2ry12,,#5eff7b
Ungrouped,Celf2,,#2828ff
Ungrouped,Cacna2d2,,#f06cfe
Ungrouped,Nfatc2,,#a3ff19
Ungrouped,Mdga1,,#a851ff
Ungrouped,Cenpf,,#ff4028
Ungrouped,Gng13,,#ff9f5d
Ungrouped,Nfatc4,,#449fff
Ungrouped,Chrm2,,#a3ff19
Ungrouped,Pak3,,#ff4028
Ungrouped,Aif1,,#a3ff19
Ungrouped,Mex3a,,#ffd547
Ungrouped,Gabbr1,,#ff9f5d
Ungrouped,Slit2,,#ffd547
Ungrouped,Nrxn1,,#ff6b97
Ungrouped,Dhx16,,#ff9f5d
Ungrouped,Apoe,,#ffd547
Ungrouped,Emx2,,#ff6b97
Ungrouped,Six3,,#2828ff
Ungrouped,Prox1,,#449fff
Ungrouped,Stx5a,,#f06cfe
Ungrouped,Satb2,,#2828ff
Ungrouped,Pik3cd,,#ffd547
Ungrouped,Pou3f2,,#a851ff
Ungrouped,Nkx2-1,,#a3ff19
Ungrouped,Cacnb4,,#2828ff
Ungrouped,Mapk8ip3,,#2828ff
Ungrouped,Lmnb2,,#a3ff19
Ungrouped,Sema4g,,#f06cfe
Ungrouped,Sox1,,#2828ff
Ungrouped,Ptprc,,#a3ff19
Ungrouped,Lockd,,#449fff
Ungrouped,Unc13c,,#f06cfe
Ungrouped,Prkn,,#ff9f5d
Ungrouped,Cacna1c,,#ffd547
Ungrouped,Mag,,#ff4028
Ungrouped,Mthfs,,#449fff
Ungrouped,Trpc1,,#2828ff
Ungrouped,Slc18a3,,#f06cfe
Ungrouped,Ptch1,,#a8efff
Ungrouped,Slitrk3,,#5eff7b
Ungrouped,Atp6v1h,,#449fff
Ungrouped,Cacnb2,,#ff6b97
Ungrouped,Ncam1,,#a8efff
Ungrouped,Slc38a3,,#ff4028
Ungrouped,Sema4c,,#ffd547
Ungrouped,Nhlh2,,#2828ff
Ungrouped,Prom1,,#ff4028
Ungrouped,Sv2a,,#ff6b97
Ungrouped,Mef2c,,#a3ff19
Ungrouped,Gabra2,,#449fff
Ungrouped,Arhgef9,,#2828ff
Ungrouped,Stap1,,#2828ff
Ungrouped,Srsf11,,#a851ff
Ungrouped,Cdkl5,,#f06cfe
Ungrouped,Grin2a,,#a8efff
Ungrouped,Fgfr3,,#f06cfe
Ungrouped,Slc12a5,,#449fff
Ungrouped,Ptprz1,,#f06cfe
Ungrouped,Itpr1,,#2828ff
Ungrouped,Pparg,,#5eff7b
Ungrouped,Raf1,,#449fff
Ungrouped,Syn2,,#ff9f5d
Ungrouped,Gabra1,,#ff4028
Ungrouped,Gng8,,#f06cfe
Ungrouped,Dock7,,#5eff7b
Ungrouped,Fxyd1,,#a8efff
Ungrouped,Kcnb1,,#5eff7b
Ungrouped,Deaf1,,#ff6b97
Ungrouped,Casp3,,#ff4028
Ungrouped,Pard6a,,#f06cfe
Ungrouped,Ccdc153,,#ff6b97
Ungrouped,Cdc37,,#ff9f5d
Ungrouped,Cck,,#2828ff
Ungrouped,Gnb5,,#a3ff19
Ungrouped,Fat3,,#a851ff
Ungrouped,Fxyd6,,#f06cfe
Ungrouped,Tafa2,,#ff6b97
Ungrouped,Gdf7,,#a3ff19
Ungrouped,Nrcam,,#a851ff
Ungrouped,Drd1,,#ff9f5d
Ungrouped,Ptprs,,#a8efff
Ungrouped,Pnoc,,#449fff
Ungrouped,Glycam1,,#ff6b97
Ungrouped,Grik1,,#ff4028
Ungrouped,Cdh9,,#f06cfe
Ungrouped,Ppp3cc,,#ff9f5d
Ungrouped,Itgb7,,#5eff7b
Ungrouped,Sox10,,#449fff
Ungrouped,Xrcc6,,#f06cfe
Ungrouped,Cd80,,#a851ff
Ungrouped,Robo1,,#f06cfe
Ungrouped,Fgf12,,#ffd547
Ungrouped,Cldn6,,#ff9f5d
Ungrouped,Kcnk4,,#5eff7b
Ungrouped,Cd226,,#5eff7b
Ungrouped,Gal,,#f06cfe
Ungrouped,Gnas,,#a8efff
Ungrouped,Cacna1a,,#ff4028
Ungrouped,Slc1a7,,#a851ff
Ungrouped,Mpz,,#2828ff
Ungrouped,Aqp4,,#a851ff
Ungrouped,Mdh1,,#a8efff
Ungrouped,Ptk2,,#ff6b97
Blanks,Blank-1,,#449fff
Blanks,Blank-2,,#ffd547
Blanks,Blank-3,,#a851ff
Blanks,Blank-4,,#a8efff
Blanks,Blank-5,,#f06cfe
Blanks,Blank-6,,#5eff7b
Blanks,Blank-7,,#ff6b97
Blanks,Blank-8,,#2828ff
Blanks,Blank-9,,#ff9f5d
Blanks,Blank-10,,#a3ff19
Blanks,Blank-11,,#ff4028
Blanks,Blank-12,,#449fff
Blanks,Blank-13,,#ffd547
Blanks,Blank-14,,#a851ff
Blanks,Blank-15,,#a8efff
Blanks,Blank-16,,#f06cfe
Blanks,Blank-17,,#5eff7b
Blanks,Blank-18,,#ff6b97
Blanks,Blank-19,,#2828ff
Blanks,Blank-20,,#ff9f5d
Blanks,Blank-21,,#a3ff19
Blanks,Blank-22,,#ff4028
Blanks,Blank-23,,#449fff
Blanks,Blank-24,,#ffd547
Blanks,Blank-25,,#a851ff
Blanks,Blank-26,,#a8efff
Blanks,Blank-27,,#f06cfe
Blanks,Blank-28,,#5eff7b
Blanks,Blank-29,,#ff6b97
Blanks,Blank-30,,#2828ff
Blanks,Blank-31,,#ff9f5d
Blanks,Blank-32,,#a3ff19
Blanks,Blank-33,,#ff4028
Blanks,Blank-34,,#449fff
Blanks,Blank-35,,#ffd547
Blanks,Blank-36,,#a851ff
Blanks,Blank-37,,#a8efff
Blanks,Blank-38,,#f06cfe
Blanks,Blank-39,,#5eff7b
Blanks,Blank-40,,#ff6b97
